,favorite_count,favorited,is_quote_status,lang,possibly_sensitive,quote_count,reply_count,retweet_count,retweeted,source,text,username,data,year,month,day,hour,minute,second,text_clean,sentiment
36,0.0,0.0,0.0,pt,,0.0,0.0,0.0,0.0,Twitter for iPhone,"Tudo bem torcer pro Brasil, mas isso lá é hora de soltar fogos, meu anjo? NÃO ASSUSTA OS DOGUINHOS, CARAMBA", OlivsLah,2018-06-22 08:55:41-03:00,2018.0,6.0,22.0,8.0,55.0,41.0,torcer pro brasil  horar soltar fogo  anjo  assustar o doguinhos  caramba,-1
43,0.0,0.0,0.0,pt,,0.0,0.0,0.0,0.0,Twitter for Android,"SE O BRASIL PERDER, EU CHORO", Mfernandaxx,2018-06-22 08:55:41-03:00,2018.0,6.0,22.0,8.0,55.0,41.0,o brasil perder  chorar,-1
61,0.0,0.0,0.0,pt,,0.0,0.0,0.0,0.0,Twitter for Android,RT @vxsayajin: vai ser muita vergonha se o brasil perder   pq a gente já brigou com toda a população  mundial, apoiaz,2018-06-22 08:55:41-03:00,2018.0,6.0,22.0,8.0,55.0,41.0,vxsayajin  vergonha o brasil perder pq o gente brigar o população mundial,-1
64,0.0,0.0,0.0,pt,,0.0,0.0,0.0,0.0,Twitter for iPhone,RT @figueiredoane: Brasil olha q hr q acordei de tão ansiosa mds se vcs n ganharem eu vo matar, JecksandraTorre,2018-06-22 08:55:41-03:00,2018.0,6.0,22.0,8.0,55.0,41.0,figueiredoane  brasil olhar q hr q acordar ansioso mds vcs n ganhar matar,-1
65,0.0,0.0,0.0,pt,,0.0,0.0,0.0,0.0,Twitter for Android,"Não acredito q acordei pra assistir esse.jogo, aí se o Brasil n ganhar vou ficar mt puta", alexia_benet,2018-06-22 08:55:41-03:00,2018.0,6.0,22.0,8.0,55.0,41.0,acreditar q acordar pra assistir essejogo  o brasil n ganhar ficar mt puta,-1
504,0.0,0.0,0.0,pt,,0.0,0.0,0.0,0.0,Twitter for iPhone,"ACORDEI PUTA, BRASIL NÃO ME DECEPCIONE", taynamelof,2018-06-22 08:55:50-03:00,2018.0,6.0,22.0,8.0,55.0,50.0,acordar puta  brasil decepcionar,-1
541,0.0,0.0,0.0,pt,,0.0,0.0,0.0,0.0,Twitter for Android,"Tnc, Brasil não dá certo de uniforme azul", Raufaraujo,2018-06-22 08:55:51-03:00,2018.0,6.0,22.0,8.0,55.0,51.0,tnc  brasil certar uniformar azul,-1
555,0.0,0.0,0.0,pt,,0.0,0.0,0.0,0.0,Twitter for Android,"a torcida continuou cantando o hino do Brasil e o retardado do Galvão falando merda, cala a boca seu velho imundo", MulamBreno,2018-06-22 08:55:51-03:00,2018.0,6.0,22.0,8.0,55.0,51.0,o torcido continuar cantar o hino brasil e o retardar galvão falar merda  calar o bocar velho imundo,-1
556,0.0,0.0,0.0,pt,,0.0,0.0,0.0,0.0,Twitter for Android,"cortaram nosso hino?

que porra é essa? #brasil", MichMonteir,2018-06-22 08:55:51-03:00,2018.0,6.0,22.0,8.0,55.0,51.0,cortar hino  porra   brasil,-1
585,0.0,0.0,0.0,pt,,0.0,0.0,0.0,0.0,Twitter for Android,"Não corta o hino do meu Brasil assim do nada não, porra", ElenCristinne,2018-06-22 08:55:52-03:00,2018.0,6.0,22.0,8.0,55.0,52.0,cortar o hino brasil nado  porra,-1
12663,0.0,0.0,0.0,pt,,0.0,0.0,0.0,0.0,Twitter for Android,"queria o Brasil de amarelo, mas segue o baile", duartxe,2018-06-22 09:00:03-03:00,2018.0,6.0,22.0,9.0,0.0,3.0,querer o brasil amarelar  seguir o bailar,-1
12670,0.0,0.0,0.0,pt,,0.0,0.0,0.0,0.0,Twitter for iPhone,se o Brasil perder é só se aposentar, viccenzo_gaio,2018-06-22 09:00:04-03:00,2018.0,6.0,22.0,9.0,0.0,4.0,o brasil perder só aposentar,-1
12687,0.0,0.0,0.0,pt,,0.0,0.0,0.0,0.0,Twitter for Android,"Alguém cancela o Brasil jogando de azul POR FAVOR!!!
QUE AGONIA, PARECE QUE DA AZAR", underlinethats,2018-06-22 09:00:04-03:00,2018.0,6.0,22.0,9.0,0.0,4.0,alguém cancelar o brasil jogar azul    agoniar  parecer azar,-1
16852,0.0,0.0,0.0,pt,,0.0,0.0,0.0,0.0,Twitter for Android,queria ter um porão em casa pra trancar meu pai nele pqp só faz torcer contra o brasil e o pior: fica torcendo que o neymar se machuque, glaennyg,2018-06-22 09:01:31-03:00,2018.0,6.0,22.0,9.0,1.0,31.0,querer pôr casar pra trancar pai n pqp só torcer o brasil e o  ficar torcer o neymar machucar,-1
22096,0.0,0.0,0.0,pt,,0.0,0.0,0.0,0.0,Twitter Web Client,ocupar a cabeça com o jogo do brasil pra esquecer por uns momentos da vontade de morrer bom dia vai neymar !!!, marcelladisanti,2018-06-22 09:03:21-03:00,2018.0,6.0,22.0,9.0,3.0,21.0,ocupar o cabeça o jogar brasil pra esquecer vontade morrer neymar   ,-1
39426,0.0,0.0,0.0,pt,,0.0,0.0,0.0,0.0,Twitter Web Client,"7 minutos e nada ainda, pelo amor de deus ne brasil, cade os gols, cade o neymar", sluttommo,2018-06-22 09:09:22-03:00,2018.0,6.0,22.0,9.0,9.0,22.0,7 minuto e nado  pelar amor deus ne brasil  cade o gols  cade o neymar,-1
40393,0.0,0.0,0.0,pt,,0.0,0.0,0.0,0.0,Twitter for iPhone,"neymar cortou o cabelo, Brasil vai ganhar", golfinhodaatma,2018-06-22 09:09:43-03:00,2018.0,6.0,22.0,9.0,9.0,43.0,neymar cortar o cabelar  brasil ganhar,-1
50762,0.0,0.0,0.0,pt,,0.0,0.0,0.0,0.0,Twitter for Android,"mano eu queria entender o que ta acontecendo com o brasil

time abatido
neymar muito mal", izzomrm,2018-06-22 09:13:21-03:00,2018.0,6.0,22.0,9.0,13.0,21.0,manir querer entender o ta acontecer o brasil time abater neymar,-1
52928,0.0,0.0,0.0,pt,,0.0,0.0,0.0,0.0,Twitter for iPhone,"não é por nada não, mas sem o neymar o brasil joga bem melhor", JoaoParreiras_,2018-06-22 09:14:06-03:00,2018.0,6.0,22.0,9.0,14.0,6.0,nado  o neymar o brasil jogar melhor,-1
56193,0.0,0.0,0.0,pt,,0.0,0.0,0.0,0.0,Twitter Web Client,neymar se é pra cair meu anjo cai num lugar que seja bom pro brasil, halamadridw,2018-06-22 09:15:14-03:00,2018.0,6.0,22.0,9.0,15.0,14.0,neymar pra cair anjo cair pro brasil,-1
56525,0.0,0.0,0.0,pt,,0.0,0.0,0.0,0.0,Twitter for Android,"gente aqui na minha tv o Brasil já levando uma pressão e o neymar tá jogando nada, aí tb?", orlandinhosn,2018-06-22 09:15:21-03:00,2018.0,6.0,22.0,9.0,15.0,21.0,gente o tv o brasil levar umar pressão e o neymar tá jogar nado  tb ,-1
58217,0.0,0.0,0.0,pt,,0.0,0.0,0.0,0.0,Twitter Web Client,"lembrei pq n gosto de ver jogo do brasil, o cai cai... neymar, ja caiu ´-´", Lucas_ams97,2018-06-22 09:15:56-03:00,2018.0,6.0,22.0,9.0,15.0,56.0,lembrar pq n gostar jogar brasil  o cair cair  neymar  ja cair ´ - ´,-1
59657,0.0,0.0,0.0,pt,,0.0,0.0,0.0,0.0,Twitter for Android,"tô falando, quanto mais cedo o neymar for tirado mais chance o brasil tem", stereosaur,2018-06-22 09:16:26-03:00,2018.0,6.0,22.0,9.0,16.0,26.0,tô falar  quantum ceder o neymar tirar chance o brasil,-1
160852,0.0,0.0,0.0,pt,,0.0,0.0,0.0,0.0,Twitter Lite,Resumo do primeiro tempo Brasil X Costa Rica: Neymar caiu mais que velho com labirintite, RegianeTD,2018-06-22 09:51:42-03:00,2018.0,6.0,22.0,9.0,51.0,42.0,resumir brasil x costa rico  neymar cair velho labirintite,-1
177300,0.0,0.0,1.0,pt,0.0,0.0,0.0,0.0,0.0,Twitter for iPhone,"Pau no cu do tite, tudo culpa dele https://t.co/4zTZFbZd4q", analuimelo_,2018-06-22 09:57:25-03:00,2018.0,6.0,22.0,9.0,57.0,25.0,pau o cu tite  culpar d https//tco/4ztzfbzd4q,-1
179715,0.0,0.0,0.0,pt,,0.0,0.0,0.0,0.0,Twitter Web Client,"Brasil não vai ganhar o hexa
neymar não passa a bola
tite não treina o passe de bola 
eles tão jogando cada um por si", dudsnay,2018-06-22 09:58:15-03:00,2018.0,6.0,22.0,9.0,58.0,15.0,brasil ganhar o hexa neymar passar o bolar tite treinar o passar bolar jogar si,-1
181106,0.0,0.0,0.0,pt,,0.0,0.0,0.0,0.0,Twitter for Android,"RT @BruninGois: coloquem isso na cabeça:

brasil não depende só do neymar 
brasil não depende só do neymar 
brasil não depende só do neymar…", Clara35956078,2018-06-22 09:58:44-03:00,2018.0,6.0,22.0,9.0,58.0,44.0,bruningois  colocar o cabeça  brasil depender só neymar brasil depender só neymar brasil depender só neymar …,-1
181637,0.0,0.0,0.0,pt,,0.0,0.0,0.0,0.0,Twitter for Android,"RT @GarotaCiume: eu acordei cedo pra ver esse jogo e o menino neymar ainda não fez 13 gols como assim gente
é por isso que o brasil não vai…", salvatore_emy,2018-06-22 09:58:55-03:00,2018.0,6.0,22.0,9.0,58.0,55.0,garotaciume  acordar ceder pra jogar e o menino neymar 13 gols comer gente o brasil …,-1
181683,0.0,0.0,0.0,pt,,0.0,0.0,0.0,0.0,Twitter for Android,"Mano o Brasil tá me decepcionando demais pqp 
Porra tite eu confiei em vc disgrassado", raissinha_mr,2018-06-22 09:58:56-03:00,2018.0,6.0,22.0,9.0,58.0,56.0,manir o brasil tá decepcionar pqp porra tite confiar vc disgrassado,-1
182104,0.0,0.0,0.0,pt,,0.0,0.0,0.0,0.0,Twitter Lite,"Vamo Brasil crl, neymar fdp faz alguma coisa , jesus tb", duu1557,2018-06-22 09:59:05-03:00,2018.0,6.0,22.0,9.0,59.0,5.0,brasil crl  neymar fdp algum  jesus tb,-1
182958,0.0,0.0,1.0,pt,0.0,0.0,0.0,0.0,0.0,Twitter for iPhone,"E se o neymar nao fizer gol é dela a culpa.
Se o Lula for solto pelo @STF_oficial  safado, a cilpa é do Neymar. https://t.co/J1SkUolgPT", graca_brasil,2018-06-22 09:59:23-03:00,2018.0,6.0,22.0,9.0,59.0,23.0,e o neymar nao gol d o culpar  o lula soltar pelar stf_oficial safar  o cilpa neymar  https//tco/j1skuolgpt,-1
184499,0.0,0.0,0.0,pt,,0.0,0.0,0.0,0.0,Twitter for iPhone,Acho que o que Zika o Brasil é esses cara da Globo ficar lembrando do passado, _wagnersf,2018-06-22 09:59:55-03:00,2018.0,6.0,22.0,9.0,59.0,55.0,achar o zika o brasil caro globo ficar lembrar passar,-1
184501,0.0,0.0,0.0,pt,,0.0,0.0,0.0,0.0,Twitter for Android,"Preocupado com a nossa situação, se o Brasil perder a gente vai ser chacota de gringo, como assim os reis da zoeira… https://t.co/62KvQkT91p", MoisesNogg,2018-06-22 09:59:55-03:00,2018.0,6.0,22.0,9.0,59.0,55.0,preocupar o situação  o brasil perder o gente chacota gringo  comer o rei zoeira … https//tco/62kvqkt91p,-1
184504,0.0,0.0,0.0,pt,,0.0,0.0,0.0,0.0,Twitter for Android,"RT @taaakes: Acho uma falta de educaçao 

Monte gente querendo emprego no brasil

O neymar tem um e fica deitado a maioria do tempo", isa_brittoo,2018-06-22 09:59:55-03:00,2018.0,6.0,22.0,9.0,59.0,55.0,taaakes  achar umar falto educaçao montar gente querer empregar o brasil o neymar e ficar deitar o,-1
184525,0.0,0.0,0.0,pt,0.0,0.0,0.0,0.0,0.0,Twitter for Android,"Fim do primeiro tempo e não saiu nenhum gol do Brasil, já perdi mais que uma hora de sono. Não tô gostando 😑😑😒 https://t.co/8v101fkr9Q", JMoraes07,2018-06-22 09:59:55-03:00,2018.0,6.0,22.0,9.0,59.0,55.0,e sair nenhum gol brasil  perder umar horar sono  tô gostar 😑 😑 😒 https//tco/8v101fkr9q,-1
184531,0.0,0.0,0.0,pt,,0.0,0.0,0.0,0.0,Twitter for Android,se Brasil n fizer gol ferrou, fckbabyys,2018-06-22 09:59:55-03:00,2018.0,6.0,22.0,9.0,59.0,55.0,brasil n gol ferrar,-1
184570,0.0,0.0,0.0,pt,,0.0,0.0,0.0,0.0,Twitter Lite,"Eu apostei três gols do Brasil... ta difícil fazer um, imagina dois", eitashippei,2018-06-22 09:59:56-03:00,2018.0,6.0,22.0,9.0,59.0,56.0,apostar gols brasil  ta difícil  imaginar,-1
184608,0.0,0.0,0.0,pt,,0.0,0.0,0.0,0.0,Twitter for iPhone,"se te venderam que o Brasil ia passar o carro, que ia ser suave igual eliminatórias, te enganaram. Não vai ser fáci… https://t.co/CmWJp5xjgP", guitarraeprosa,2018-06-22 09:59:57-03:00,2018.0,6.0,22.0,9.0,59.0,57.0,vender o brasil passar o carro  suave igual eliminatório  enganar  fáci … https//tco/cmwjp5xjgp,-1
209899,0.0,0.0,0.0,pt,,0.0,0.0,0.0,0.0,Twitter for Android,hoje eu tô só o técnico do Brasil....  tite, RuivaoSincero,2018-06-22 10:08:50-03:00,2018.0,6.0,22.0,10.0,8.0,50.0,tô só o técnico brasil  tite,-1
250599,0.0,0.0,0.0,pt,,0.0,0.0,0.0,0.0,Twitter for Android,Brasil não passa da fase de grupo pq o tite é clubista e burro, Caaamila7,2018-06-22 10:23:04-03:00,2018.0,6.0,22.0,10.0,23.0,4.0,brasil passar fase grupar pq o tite clubista e burro,-1
261340,0.0,0.0,0.0,pt,,0.0,0.0,0.0,0.0,Twitter Lite,neymar chacota do brasil, danielbrros,2018-06-22 10:26:48-03:00,2018.0,6.0,22.0,10.0,26.0,48.0,neymar chacota brasil,-1
266937,0.0,0.0,0.0,pt,,0.0,0.0,0.0,0.0,Twitter for iPhone,segundo gol bonito que o neymar perde ta feliz brasil????????, lupiaIvarez,2018-06-22 10:28:46-03:00,2018.0,6.0,22.0,10.0,28.0,46.0,segundar gol bonito o neymar perder ta feliz brasil        ,-1
267492,0.0,0.0,0.0,pt,,0.0,0.0,0.0,0.0,Twitter for Android,decepcionou o brasil inteiro o menino neymar, souDaora,2018-06-22 10:28:57-03:00,2018.0,6.0,22.0,10.0,28.0,57.0,decepcionar o brasil inteirar o menino neymar,-1
288977,0.0,0.0,0.0,pt,,0.0,0.0,0.0,0.0,Twitter for Android,o neymar é o pior camisa 10 que o brasil já teve, crfmadsrid,2018-06-22 10:36:27-03:00,2018.0,6.0,22.0,10.0,36.0,27.0,o neymar o camisa 10 o brasil,-1
289031,0.0,0.0,0.0,pt,,0.0,0.0,0.0,0.0,Twitter for iPhone,"Os braços do neymar tiraram o pênalti do Brasil, que fase", anaasci_,2018-06-22 10:36:29-03:00,2018.0,6.0,22.0,10.0,36.0,29.0,o braço neymar tirar o pênalti brasil  fase,-1
289420,0.0,0.0,0.0,pt,,0.0,0.0,0.0,0.0,Twitter for Android,"Parabéns, neymar, seu fdp. Tirou nosso pênalti do Brasil", bl4ckserious,2018-06-22 10:36:37-03:00,2018.0,6.0,22.0,10.0,36.0,37.0,parabém  neymar  fdp  tirar pênalti brasil,-1
297727,0.0,0.0,0.0,pt,0.0,0.0,0.0,0.0,0.0,Twitter for Android,A simulação do neymar tirou o pênalti do brasil. Valeu neymar https://t.co/FlwWb2iwgN, andeerarraes,2018-06-22 10:39:30-03:00,2018.0,6.0,22.0,10.0,39.0,30.0,o simulação neymar tirar o pênalti brasil  valer neymar https//tco/flwwb2iwgn,-1
1,0.0,0.0,0.0,pt,,0.0,0.0,0.0,0.0,Twitter for Android,RT @infitywar: HINO DO BRASIL O MAIS LINDO DE TODOS FALO COM TRANQUILIDADE, protectangelina,2018-06-22 08:55:40-03:00,2018.0,6.0,22.0,8.0,55.0,40.0,infitywar  hino brasil o lindar falir tranquilidade,1
17,0.0,0.0,0.0,pt,,0.0,0.0,0.0,0.0,Twitter for iPhone,RT @FlaOtimista: O HINO DO BRASIL É MUITO LINDO 😍😍😍😍😍😍, Pietrasaantoos,2018-06-22 08:55:41-03:00,2018.0,6.0,22.0,8.0,55.0,41.0,flaotimista  o hino brasil lindar 😍 😍 😍 😍 😍 😍,1
52,0.0,0.0,0.0,pt,,0.0,0.0,0.0,0.0,Twitter Lite,esse goleiro do Brasil e maravilhoso 😍, Alicia_bjs,2018-06-22 08:55:41-03:00,2018.0,6.0,22.0,8.0,55.0,41.0,goleiro brasil e maravilhoso 😍,1
74,0.0,0.0,0.0,pt,,0.0,0.0,0.0,0.0,Twitter for Android,"VAMOOS MEU BRASIL, EU ACREDITO 🇧🇷💛", eu_caroli,2018-06-22 08:55:41-03:00,2018.0,6.0,22.0,8.0,55.0,41.0,vamoos brasil  acreditar 🇧 🇷 💛,1
77,0.0,0.0,0.0,pt,,0.0,0.0,0.0,0.0,Twitter for iPhone,HINO DO BRASIL É O MAIS BONITO DO MUNDO QUEM CONCORDA ESTÁ LENDO, styleesdrugs,2018-06-22 08:55:41-03:00,2018.0,6.0,22.0,8.0,55.0,41.0,hino brasil o bonito mundo concordar ler,1
85,0.0,0.0,0.0,pt,,0.0,0.0,0.0,0.0,Twitter for Android,"Essa torcida do Brasil é linda cara, mas a do Flamengo supera", _daancastro,2018-06-22 08:55:41-03:00,2018.0,6.0,22.0,8.0,55.0,41.0,torcido brasil lindo caro  o flamengo superar,1
86,0.0,0.0,0.0,pt,,0.0,0.0,0.0,0.0,Twitter for iPhone,"Hoje é tudo nosso, toda sorte a esses montamos, vamo bora Brasil 🇧🇷🇧🇷🇧🇷", Rangelgb22,2018-06-22 08:55:41-03:00,2018.0,6.0,22.0,8.0,55.0,41.0, sortir o montar  bora brasil 🇧 🇷 🇧 🇷 🇧 🇷,1
94,0.0,0.0,0.0,pt,,0.0,0.0,0.0,0.0,Twitter for iPhone,Brasil acima de tudo !, pqdmec,2018-06-22 08:55:42-03:00,2018.0,6.0,22.0,8.0,55.0,42.0,brasil acima ,1
95,0.0,0.0,0.0,pt,,0.0,0.0,0.0,0.0,Twitter for iPhone,brasil de azul uma coisa linda, beealmz,2018-06-22 08:55:42-03:00,2018.0,6.0,22.0,8.0,55.0,42.0,brasil azul umar lindo,1
508,0.0,0.0,0.0,pt,,0.0,0.0,0.0,0.0,Twitter for Android,"o hino do Brasil é o mais lindo, na moral", vitoriafidelis_,2018-06-22 08:55:50-03:00,2018.0,6.0,22.0,8.0,55.0,50.0,o hino brasil o lindar  o moral,1
532,0.0,0.0,0.0,pt,,0.0,0.0,0.0,0.0,Twitter for iPhone,O hino do Brasil é o mais bonito que existe. Não tem pra onde!, pedrohenriiquer,2018-06-22 08:55:51-03:00,2018.0,6.0,22.0,8.0,55.0,51.0,o hino brasil o bonito existir  pra ,1
588,0.0,0.0,0.0,pt,,0.0,0.0,0.0,0.0,Twitter for Android,Brasil vai amassa hoje olha só, douglasmdr22,2018-06-22 08:55:52-03:00,2018.0,6.0,22.0,8.0,55.0,52.0,brasil amassar olhar só,1
12656,0.0,0.0,0.0,pt,,0.0,0.0,0.0,0.0,Twitter for Android,ESSA CAMISA DO BRASIL EH LINDA DEMAIS, fcsuaressi,2018-06-22 09:00:03-03:00,2018.0,6.0,22.0,9.0,0.0,3.0,camisa brasil eh lindo,1
12660,0.0,0.0,0.0,pt,,0.0,0.0,0.0,0.0,Twitter for Android,- Hoje a vitória e nossa vamos com tudo Brasil 🇧🇷, Vulgo_Joana,2018-06-22 09:00:03-03:00,2018.0,6.0,22.0,9.0,0.0,3.0,- o vitória e brasil 🇧 🇷,1
12676,0.0,0.0,0.0,pt,,0.0,0.0,0.0,0.0,Twitter for iPhone,ai eu adoro o uniforme azul do brasil, taerjin,2018-06-22 09:00:04-03:00,2018.0,6.0,22.0,9.0,0.0,4.0,ai adorar o uniformar azul brasil,1
12684,0.0,0.0,0.0,pt,,0.0,0.0,0.0,0.0,Twitter for Android,camisa do Brasil tá linda pra caralho, tirapasz,2018-06-22 09:00:04-03:00,2018.0,6.0,22.0,9.0,0.0,4.0,camisa brasil tá lindo pra caralho,1
12690,0.0,0.0,0.0,pt,,0.0,0.0,0.0,0.0,Twitter for iPhone,"caraaaaaaalho kkkkkk casco o bico c esses memes do Brasil, esse povo eh mt criativo pqp", _bruvictoria,2018-06-22 09:00:04-03:00,2018.0,6.0,22.0,9.0,0.0,4.0,caraaaaaaalho kkkkkk cascar o bicar c memes brasil  eh mt criativo pqp,1
13995,0.0,0.0,0.0,pt,,0.0,0.0,0.0,0.0,Twitter for iPhone,"sera se o pé do neymar acordou disposto a fazer gol hj, eu espero q sim pq eu n acordei cedo p perder nao, bora brasil 🇧🇷🙌", dudadonato,2018-06-22 09:00:31-03:00,2018.0,6.0,22.0,9.0,0.0,31.0,sera o pé neymar acordar dispor o gol hj  esperar q pq n acordar ceder p perder nao  bora brasil 🇧 🇷 🙌,1
26874,0.0,0.0,0.0,pt,,0.0,0.0,0.0,0.0,Twitter Web Client,"Que neymar ,gabriel  o que ,QUEM BRILHA É ESSE COUTINHO 
vamo brasil..", celiageorgevitc,2018-06-22 09:05:00-03:00,2018.0,6.0,22.0,9.0,5.0,0.0,neymar  gabriel o  brilhar coutinho brasil ,1
28983,0.0,0.0,0.0,pt,,0.0,0.0,0.0,0.0,Twitter for iPhone,que o brasil faça um gol cada vez que o galvão fale do neymar  #BrasilGanha, Lesbiian4Demi,2018-06-22 09:05:44-03:00,2018.0,6.0,22.0,9.0,5.0,44.0,o brasil gol o galvão falir neymar  brasilganha,1
35925,0.0,0.0,0.0,pt,,0.0,0.0,0.0,0.0,Twitter Web Client,"Gostaria de informar que o Brasil ganha de 3-1 com os gols de neymar, paulinho e willian, obg dnd", MounibTarmago,2018-06-22 09:08:09-03:00,2018.0,6.0,22.0,9.0,8.0,9.0,gostar informar o brasil ganhar 3 - 1 o gols neymar  paulinho e willian  obg dnd,1
41010,0.0,0.0,0.0,pt,,0.0,0.0,0.0,0.0,Twitter for iPhone,"neymar ainda não caiu no chão esse jogo, um ponto para o Brasil #BrasilGanha", toldbrandon,2018-06-22 09:09:58-03:00,2018.0,6.0,22.0,9.0,9.0,58.0,neymar cair o chão jogar  pontar parir o brasil  brasilganha,1
41776,0.0,0.0,1.0,pt,0.0,0.0,0.0,0.0,0.0,Twitter for iPhone,faz um desse neymar https://t.co/O8FJHXf6IJ, hlanag,2018-06-22 09:10:13-03:00,2018.0,6.0,22.0,9.0,10.0,13.0,d neymar https//tco/o8fjhxf6ij,1
184535,0.0,0.0,0.0,pt,,0.0,0.0,0.0,0.0,Twitter for iPhone,muito bonito o uniforme do brasil, leanekonopka,2018-06-22 09:59:55-03:00,2018.0,6.0,22.0,9.0,59.0,55.0,bonito o uniformar brasil,1
212504,0.0,0.0,0.0,pt,,0.0,0.0,0.0,0.0,Twitter Web Client,"coutinho é o melhor jogador do brasil, só aceita", queissomat,2018-06-22 10:09:45-03:00,2018.0,6.0,22.0,10.0,9.0,45.0,coutinho o melhor jogador brasil  só aceito,1
226528,0.0,0.0,0.0,pt,,0.0,0.0,0.0,0.0,Twitter for iPhone,"esse coutinho lindíssimo, quer o mundo? eu te dou 

VAMOS BRASIL", Isaaagk,2018-06-22 10:14:38-03:00,2018.0,6.0,22.0,10.0,14.0,38.0,coutinho lindo  querer o mundo  brasil,1
233780,0.0,0.0,0.0,pt,,0.0,0.0,0.0,0.0,Twitter for Android,coutinho só você pra salvar o Brasil, ntjbbz,2018-06-22 10:17:14-03:00,2018.0,6.0,22.0,10.0,17.0,14.0,coutinho só pra salvar o brasil,1
260155,0.0,0.0,0.0,pt,,0.0,0.0,0.0,0.0,Twitter for iPhone,Não é por o coutinho ser o meu jogador preferido mas é óbvio que tem sido o melhor jogador do Brasil, _l3androviana_,2018-06-22 10:26:24-03:00,2018.0,6.0,22.0,10.0,26.0,24.0,o coutinho o jogador preferir óbvio o melhor jogador brasil,1
295734,0.0,0.0,0.0,pt,,0.0,0.0,0.0,0.0,Twitter for Android,coutinho salva o brasil, cyrusvoid,2018-06-22 10:38:48-03:00,2018.0,6.0,22.0,10.0,38.0,48.0,coutinho salvo o brasil,1
303342,0.0,0.0,0.0,pt,,0.0,0.0,0.0,0.0,Twitter for iPhone,coutinho ta salvando o brasil, gabrucrvg,2018-06-22 10:41:27-03:00,2018.0,6.0,22.0,10.0,41.0,27.0,coutinho ta salvar o brasil,1
307261,0.0,0.0,0.0,pt,,0.0,0.0,0.0,0.0,Twitter for iPhone,"Costa rica trancou a zaga agora so pra fuder o meu Brasil, coutinho ou jesus tem q meter uma de fora da area é nossa salvaçao", emmanuelcaxito,2018-06-22 10:42:49-03:00,2018.0,6.0,22.0,10.0,42.0,49.0,costa rico trancar o zaga so pra fuder o brasil  coutinho jesus q meter umar area salvaçao,1
320746,0.0,0.0,0.0,pt,,0.0,0.0,0.0,0.0,Twitter Lite,coutinho o brasil te ama!!!, vicreginac,2018-06-22 10:47:30-03:00,2018.0,6.0,22.0,10.0,47.0,30.0,coutinho o brasil amo   ,1
320752,0.0,0.0,0.0,pt,,0.0,0.0,0.0,0.0,Twitter Lite,Felipe coutinho salvando o brasil, schlusenluan,2018-06-22 10:47:30-03:00,2018.0,6.0,22.0,10.0,47.0,30.0,felipe coutinho salvar o brasil,1
321490,0.0,0.0,0.0,pt,,0.0,0.0,0.0,0.0,Twitter for Android,coutinho salvando o brasil sempre, alicemonteirob_,2018-06-22 10:47:45-03:00,2018.0,6.0,22.0,10.0,47.0,45.0,coutinho salvar o brasil,1
321673,0.0,0.0,0.0,pt,,0.0,0.0,0.0,0.0,Twitter for iPhone,coutinho salva o brasil todo jogo, ingridpvilela,2018-06-22 10:47:49-03:00,2018.0,6.0,22.0,10.0,47.0,49.0,coutinho salvo o brasil jogar,1
321699,0.0,0.0,0.0,pt,,0.0,0.0,0.0,0.0,Twitter for Android,"Felipe coutinho, anjo do brasil", SaishoNiiTae,2018-06-22 10:47:50-03:00,2018.0,6.0,22.0,10.0,47.0,50.0,felipe coutinho  anjo brasil,1
323047,0.0,0.0,0.0,pt,,0.0,0.0,0.0,0.0,Twitter for iPhone,coutinho salvando o brasil sem dó, sbampata,2018-06-22 10:48:18-03:00,2018.0,6.0,22.0,10.0,48.0,18.0,coutinho salvar o brasil dó,1
324190,0.0,0.0,0.0,pt,,0.0,0.0,0.0,0.0,Twitter for iPhone,coutinho merece a 10 no time do brasil, AbreuNathan4,2018-06-22 10:48:42-03:00,2018.0,6.0,22.0,10.0,48.0,42.0,coutinho merecer o 10 o time brasil,1
325613,0.0,0.0,0.0,pt,,0.0,0.0,0.0,0.0,Twitter for iPhone,coutinho é muito salvador da pátria e dono do brasil, anaolstxn,2018-06-22 10:49:11-03:00,2018.0,6.0,22.0,10.0,49.0,11.0,coutinho salvador pátrio e dono brasil,1
325661,0.0,0.0,0.0,pt,,0.0,0.0,0.0,0.0,Twitter for iPhone,"Que neymar ni que nada, este Brasil es de Coutinho!!!", W_AR_U,2018-06-22 10:49:12-03:00,2018.0,6.0,22.0,10.0,49.0,12.0,neymar ni nado  brasil es coutinho   ,1
326660,0.0,0.0,0.0,pt,,0.0,0.0,0.0,0.0,Twitter for iPhone,obrigada coutinho por sempre salvar o brasil lenda te amo, nadiabizoI,2018-06-22 10:49:33-03:00,2018.0,6.0,22.0,10.0,49.0,33.0,obrigar coutinho salvar o brasil lenda amar,1
326705,0.0,0.0,0.0,pt,,0.0,0.0,0.0,0.0,Twitter Lite,o coutinho tá destinado a salvar o brasil né, _clitoria,2018-06-22 10:49:34-03:00,2018.0,6.0,22.0,10.0,49.0,34.0,o coutinho tá destinar o salvar o brasil né,1
327640,0.0,0.0,0.0,pt,,0.0,0.0,0.0,0.0,Twitter Lite,"neymar é o caralho, phelippe coutinho artilheiro do meu brasil &lt;3", maludesu,2018-06-22 10:49:53-03:00,2018.0,6.0,22.0,10.0,49.0,53.0,neymar o caralho  phelippe coutinho artilheiro brasil & lt3,1
328109,0.0,0.0,0.0,pt,,0.0,0.0,0.0,0.0,Twitter for Android,"A melhor coisa do gol do Brasil, foi ver o tite cair um tombao Kkkkkkk", Brcaetano77,2018-06-22 10:50:03-03:00,2018.0,6.0,22.0,10.0,50.0,3.0,o melhor gol brasil  o tite cair tombao kkkkkkk,1
333143,0.0,0.0,0.0,pt,,0.0,0.0,0.0,0.0,Twitter Lite,não sei oque foi o melhor o gol do brasil ou o tite caindo, khaIeesiar,2018-06-22 10:51:48-03:00,2018.0,6.0,22.0,10.0,51.0,48.0,ocar o melhor o gol brasil o tite cair,1
334911,0.0,0.0,0.0,pt,,0.0,0.0,0.0,0.0,Twitter for iPhone,"a melhor cena desse gol d Brasil, foi tite caindo kkkkkkkkkkkkk", Lidiasoares08,2018-06-22 10:52:25-03:00,2018.0,6.0,22.0,10.0,52.0,25.0,o melhor cena d gol d brasil  tite cair kkkkkkkkkkkkk,1
340136,0.0,0.0,0.0,pt,,0.0,0.0,0.0,0.0,Twitter for Android,@neymarjr você é fodaaaaaaaaaaaaaaaaaaaaaaaaa #Brasil 🇧🇷, nathalyaa00,2018-06-22 10:54:14-03:00,2018.0,6.0,22.0,10.0,54.0,14.0,neymarjr fodaaaaaaaaaaaaaaaaaaaaaaaaa  brasil 🇧 🇷,1
341103,0.0,0.0,0.0,pt,0.0,0.0,0.0,0.0,0.0,Twitter for Android,o tite caindo foi a melhor coisa do jogo do brasil https://t.co/qxZYnRcv1o, mutualwine,2018-06-22 10:54:34-03:00,2018.0,6.0,22.0,10.0,54.0,34.0,o tite cair o melhor jogar brasil https//tco/qxzynrcv1o,1
342486,0.0,0.0,0.0,pt,,0.0,0.0,0.0,0.0,Twitter for Android,o brasil te ama neymar, olaviado,2018-06-22 10:55:03-03:00,2018.0,6.0,22.0,10.0,55.0,3.0,o brasil amo neymar,1
343619,0.0,0.0,0.0,pt,,0.0,0.0,0.0,0.0,Twitter for Android,"Choro do neymar é o choro do brasil aliviado 
Aaaaa carajooooooo", Janna_Pereiraa,2018-06-22 10:55:27-03:00,2018.0,6.0,22.0,10.0,55.0,27.0,chorar neymar o chorar brasil aliviar aaaaa carajooooooo,1
343626,0.0,0.0,0.0,pt,,0.0,0.0,0.0,0.0,Twitter for iPhone,NÃO CHORA MENINO NEYMAR O BRASIL TE AMA @neymarjr, costammariana,2018-06-22 10:55:27-03:00,2018.0,6.0,22.0,10.0,55.0,27.0,chorar menino neymar o brasil amo neymarjr,1
344733,0.0,0.0,0.0,pt,,0.0,0.0,0.0,0.0,Twitter Lite,Eh o brasil todo chorando junto com vc neymar!!!!, cre7ino_,2018-06-22 10:55:50-03:00,2018.0,6.0,22.0,10.0,55.0,50.0,eh o brasil chorar juntar vc neymar    ,1
349492,0.0,0.0,0.0,pt,,0.0,0.0,0.0,0.0,Twitter for iPhone,neymar o brasil te xinga e faz meme de vc mas a gente te ama, Geoparkjimin,2018-06-22 10:57:29-03:00,2018.0,6.0,22.0,10.0,57.0,29.0,neymar o brasil xingar e meme vc o gente amo,1
349509,0.0,0.0,0.0,pt,,0.0,0.0,0.0,0.0,Twitter for Android,jogo do Brasil onde ate o tite cai ah certeza q da bom, bbdaana,2018-06-22 10:57:29-03:00,2018.0,6.0,22.0,10.0,57.0,29.0,jogar brasil atar o tite cair ah q,1
350443,0.0,0.0,0.0,pt,,0.0,0.0,0.0,0.0,Twitter for iPhone,o tite dando cambalhota kkkkkkkkkkkkkkkkkkkkkk eu amo o Brasil, tamireixx,2018-06-22 10:57:49-03:00,2018.0,6.0,22.0,10.0,57.0,49.0,o tite cambalhotar kkkkkkkkkkkkkkkkkkkkkk amar o brasil,1
352277,0.0,0.0,0.0,pt,,0.0,0.0,0.0,0.0,Twitter for iPhone,"E o Brasil hoje chorou com o Neymar, que desencantou. Somos um país com o coração nas chuteiras! Para frente, Brasil. @neymarjr", rivanildofeitos,2018-06-22 10:58:27-03:00,2018.0,6.0,22.0,10.0,58.0,27.0,e o brasil chorar o neymar  desencantar  país o coração o chuteira  parir frente  brasil  neymarjr,1
